url_path,views_total,views_unique
/mrtj/backpack/tree/master,7,1
/mrtj/backpack/actions/runs/14392028866,6,1
/mrtj/backpack/actions/runs/14392028866/job/40374936522,3,1
/mrtj/backpack/actions/workflows/github-repo-stats.yml,3,1
/mrtj/backpack,2,1
/mrtj/backpack/actions/runs/14392028866/job/40360886644,2,1
/mrtj/backpack/tree/github-repo-stats/mrtj/backpack,2,1
/mrtj/backpack/actions/runs/14392028866/job/40375059893,1,1
/mrtj/backpack/blob/github-repo-stats/mrtj/backpack/latest-report/report.md,1,1
/mrtj/backpack/blob/master/backpack/rtsp.py,1,1
